﻿<?xml version="1.0" encoding="utf-8" standalone="yes"?>
<System>
  <Name>WP</Name>
  <Version>1.0</Version>
  <System>
    <Function Description="" Address="" FuncName="" Binding="" SplitChar="Г">
      <ParaStr>
        <Para TableName="" Name="" Description="" Value="" />
      </ParaStr>
    </Function>
  </System>
  <MsgOpen>
    <AssemblyName>SMT.WP.UI</AssemblyName>
    <PublicClass>SMT.WP.UI.Class.Utility</PublicClass>
    <ProcessName>CreateFormFromEngine</ProcessName>
    <PageParameter>WP/PlanDraft/createVerify</PageParameter>
    <ApplicationOrder>{PLANYEAR}</ApplicationOrder>
    <FormTypes>Task</FormTypes>
  </MsgOpen>
  <Object Name="T_WP_YEARNORMDRAFT" Description="公司年度经营指标方案" Key="DNORMID" id="">
    <Attribute Name="DNORMID" LableResourceID="DNORMID" Description="指标主键ID,GUID" DataType="string" DataValue="" DataText="指标主键ID,GUID" />
    <Attribute Name="PLANYEAR" LableResourceID="PLANYEAR" Description="计划年度" DataType="string" DataValue="" DataText="计划年度" />
    <Attribute Name="COMPANYID" LableResourceID="COMPANYID" Description="所属公司ID" DataType="string" DataValue="" DataText="所属公司ID" />
    <Attribute Name="COMPANYNAME" LableResourceID="COMPANYNAME" Description="所属公司名称" DataType="string" DataValue="" DataText="所属公司名称" />
    <Attribute Name="APPLYDATE" LableResourceID="APPLYDATE" Description="申请日期" DataType="datetime" DataValue="" DataText="申请日期" />
    <Attribute Name="APPLYMAN" LableResourceID="APPLYMAN" Description="申请人" DataType="string" DataValue="" DataText="申请人" />
    <Attribute Name="TASKSENDDATE" LableResourceID="TASKSENDDATE" Description="任务发放日期" DataType="datetime" DataValue="" DataText="任务发放日期" />
    <Attribute Name="CHECKSTATES" LableResourceID="CHECKSTATES" Description="审核状态" DataType="string" DataValue="" DataText="审核状态" />
    <Attribute Name="EDITSTATE" LableResourceID="EDITSTATE" Description="对象编辑状态" DataType="string" DataValue="" DataText="对象编辑状态" />
    <Attribute Name="OWNERCOMPANYID" LableResourceID="OWNERCOMPANYID" Description="记录所属公司ID" DataType="string" DataValue="" DataText="记录所属公司ID" />
    <Attribute Name="OWNERDEPARTMENTID" LableResourceID="OWNERDEPARTMENTID" Description="记录所属部门ID" DataType="string" DataValue="" DataText="记录所属部门ID" />
    <Attribute Name="OWNERPOSTID" LableResourceID="OWNERPOSTID" Description="记录所属岗位ID" DataType="string" DataValue="" DataText="记录所属岗位ID" />
    <Attribute Name="OWNERID" LableResourceID="OWNERID" Description="记录所属用户ID" DataType="string" DataValue="" DataText="记录所属用户ID" />
    <Attribute Name="CREATECOMPANYID" LableResourceID="CREATECOMPANYID" Description="创建公司ID" DataType="string" DataValue="" DataText="创建公司ID" />
    <Attribute Name="CREATEDEPARTMENTID" LableResourceID="CREATEDEPARTMENTID" Description="创建部门ID" DataType="string" DataValue="" DataText="创建部门ID" />
    <Attribute Name="CREATEPOSTID" LableResourceID="CREATEPOSTID" Description="创建岗位ID" DataType="string" DataValue="" DataText="创建岗位ID" />
    <Attribute Name="CREATEUSERID" LableResourceID="CREATEUSERID" Description="创建人ID" DataType="string" DataValue="" DataText="创建人ID" />
    <Attribute Name="CREATEDATE" LableResourceID="CREATEDATE" Description="创建时间" DataType="datetime" DataValue="" DataText="创建时间" />
    <Attribute Name="UPDATEUSERID" LableResourceID="UPDATEUSERID" Description="修改人ID" DataType="string" DataValue="" DataText="修改人ID" />
    <Attribute Name="UPDATEDATE" LableResourceID="UPDATEDATE" Description="修改时间" DataType="datetime" DataValue="" DataText="修改时间" />
    <Attribute Name="REMARK" LableResourceID="REMARK" Description="备注" DataType="string" DataValue="" DataText="备注" />
    <Attribute Name="ISMAJORDATA" LableResourceID="ISMAJORDATA" Description="是否主数据" DataType="string" DataValue="" DataText="是否主数据" />
    <Attribute Name="AUXIDNORMID" LableResourceID="AUXIDNORMID" Description="附属的主数据" DataType="string" DataValue="" DataText="附属的主数据" />
    <Attribute Name="RECVERSION" LableResourceID="RECVERSION" Description="版本号" DataType="string" DataValue="" DataText="版本号" />
  </Object>
</System>