<?xml version="1.0" encoding="utf-8" ?>
<System>
  <Name>WP</Name>
  <System>
    <!--<Function Description="RESUMEFlow" Address="EngineService.svc"   FuncName="CallApplicationService"  Binding="customBinding" SplitChar="Г">
      <ParaStr>
        <Para TableName="T_HR_COMPANY" Name="COMPANYID" Description="公司ID" Value=""></Para>
      </ParaStr>
    </Function>-->
  </System>
  <MsgOpen>
    <AssemblyName>SMT.RM.UI</AssemblyName>
    <PublicClass>SMT.RM.UI.Class.Utility</PublicClass>
    <ProcessName>CreateFormFromEngine</ProcessName>
    <PageParameter>SMT.RM.UI.Form.Require.RequireApplicationForm</PageParameter>
    <ApplicationOrder>{RESUMEID}</ApplicationOrder>
    <FormTypes>Audit</FormTypes>
  </MsgOpen>
  <Object Name="T_WP_DEPARTMENTONISSUED" Description="部门年度经营指标下达表" Key="DEPTONORMID" id="">
    <Attribute  Name="DEPTONORMID" LableResourceID="DEPTONORMID" Description="部门经营指标主键ID，GUID" DataType="VARCHAR2" DataValue="" DataText="" ></Attribute>
    <Attribute  Name="ISSUEDID" LableResourceID="ISSUEDID" Description="计划下达主键ID
选择自计划拟制表主键" DataType="VARCHAR2" DataValue="" DataText="" ></Attribute>
    <Attribute  Name="COMPANYID" LableResourceID="COMPANYID" Description="所属公司ID" DataType="VARCHAR2" DataValue="" DataText="" ></Attribute>
    <Attribute  Name="DEPARTMENTID" LableResourceID="DEPARTMENTID" Description="所属部门ID" DataType="VARCHAR2" DataValue="" DataText="" ></Attribute>
    <Attribute  Name="DEPARTMENTNATURE" LableResourceID="DEPARTMENTNATURE" Description="部门性质(1业务部门0非业务部门)" DataType="CHAR" DataValue="" DataText="" ></Attribute>
    <Attribute  Name="PLANYEAR" LableResourceID="PLANYEAR" Description="计划年度
数据来自《工作计划下达表》保存数据，界面不处理" DataType="VARCHAR2" DataValue="" DataText="" ></Attribute>
    <Attribute  Name="COSTITEMID" LableResourceID="COSTITEMID" Description="费用项科目ID

根据《T_WP_YearNormDefine 公司年度经营指标定义》->指标编码，选自部门经营指标定义（T_WP_DeptNormDefine）

部门指标定义中是选择字典表PresetCostItemType" DataType="VARCHAR2" DataValue="" DataText="" ></Attribute>
    <Attribute  Name="COSTITEMNAME" LableResourceID="COSTITEMNAME" Description="费用项名称" DataType="NVARCHAR2" DataValue="" DataText="" ></Attribute>
    <Attribute  Name="LYNORMVALUE" LableResourceID="LYNORMVALUE" Description="上年指标值

上年指标、本年指标、本年控制指标，根据指标类型不同，存放不同数值，如人数存放无小数位的整型值、费用存放带小数位数值" DataType="NUMBER" DataValue="" DataText="" ></Attribute>
    <Attribute  Name="CYNORMVALUE" LableResourceID="CYNORMVALUE" Description="本年指标值" DataType="NUMBER" DataValue="" DataText="" ></Attribute>
    <Attribute  Name="CYCONTROLNORM" LableResourceID="CYCONTROLNORM" Description="本年控制指标

本年控制指标、记分方式说明、实际得分三项，特指业务收入部分，对于其他费用项科目无效" DataType="NUMBER" DataValue="" DataText="" ></Attribute>
    <Attribute  Name="SCORINGMODE" LableResourceID="SCORINGMODE" Description="计分方式说明" DataType="NVARCHAR2" DataValue="" DataText="" ></Attribute>
    <Attribute  Name="FACTSCORE" LableResourceID="FACTSCORE" Description="实际得分" DataType="NUMBER" DataValue="" DataText="" ></Attribute>
    <Attribute  Name="ISSUEDSTATE" LableResourceID="ISSUEDSTATE" Description="是否已完成下达
1是0否，缺省0" DataType="VARCHAR2" DataValue="" DataText="" ></Attribute>
    <Attribute  Name="EDITSTATE" LableResourceID="EDITSTATE" Description="对象编辑状态 EditStates
0 删除状态 Deleted
1 已生效 Actived
2 未生效 UnActived
3 撤消中 PendingCancelled
4 已撤消 Cancelled" DataType="VARCHAR2" DataValue="" DataText="" ></Attribute>
    <Attribute  Name="CREATEUSERID" LableResourceID="CREATEUSERID" Description="创建人ID" DataType="VARCHAR2" DataValue="" DataText="" ></Attribute>
    <Attribute  Name="CREATEUSERNAME" LableResourceID="CREATEUSERNAME" Description="创建人" DataType="NVARCHAR2" DataValue="" DataText="" ></Attribute>
    <Attribute  Name="CREATEDATE" LableResourceID="CREATEDATE" Description="创建时间" DataType="DATE" DataValue="" DataText="" ></Attribute>
    <Attribute  Name="UPDATEUSERID" LableResourceID="UPDATEUSERID" Description="修改人ID" DataType="VARCHAR2" DataValue="" DataText="" ></Attribute>
    <Attribute  Name="UPDATEDATE" LableResourceID="UPDATEDATE" Description="修改时间" DataType="DATE" DataValue="" DataText="" ></Attribute>
    <Attribute  Name="REMARK" LableResourceID="REMARK" Description="备注" DataType="NVARCHAR2" DataValue="" DataText="" ></Attribute>
</Object>

</System>