﻿<?xml version="1.0" encoding="utf-8" standalone="yes"?>
<System>
  <Name>WP</Name>
  <Version>1.0</Version>
  <System>
    <Function Description="" Address="" FuncName="" Binding="" SplitChar="Г">
      <ParaStr>
        <Para TableName="" Name="" Description="" Value="" />
      </ParaStr>
    </Function>
  </System>
  <MsgOpen>
    <AssemblyName>SMT.WP.UI</AssemblyName>
    <PublicClass>SMT.WP.UI.Class.Utility</PublicClass>
    <ProcessName>CreateFormFromEngine</ProcessName>
    <PageParameter>WP/DepartmentONPlan/Audit</PageParameter>
    <ApplicationOrder>{DEPTONORMID}</ApplicationOrder>
    <FormTypes>Audit</FormTypes>
  </MsgOpen>
  <Object Name="T_WP_DEPARTMENTONPLAN" Description="部门年度经营总体指标分解表" Key="DEPTONORMID" id="">
    <Attribute Name="DEPTONORMID" LableResourceID="DEPTONORMID" Description="部门经营指标计划分解主键" DataType="string" DataValue="" DataText="部门经营指标计划分解主键" />
    <Attribute Name="DEPTISSUEDID" LableResourceID="DEPTISSUEDID" Description="部门下达主键ID" DataType="string" DataValue="" DataText="部门下达主键ID" />
    <Attribute Name="COMPANYID" LableResourceID="COMPANYID" Description="所属公司ID" DataType="string" DataValue="" DataText="所属公司ID" />
    <Attribute Name="DEPARTMENTID" LableResourceID="DEPARTMENTID" Description="所属部门ID" DataType="string" DataValue="" DataText="所属部门ID" />
    <Attribute Name="COMPANYNAME" LableResourceID="COMPANYNAME" Description="使用公司名称" DataType="string" DataValue="" DataText="使用公司名称" />
    <Attribute Name="DEPARTMENTNAME" LableResourceID="DEPARTMENTNAME" Description="部门名称" DataType="string" DataValue="" DataText="部门名称" />
    <Attribute Name="DEPARTMENTNATURE" LableResourceID="DEPARTMENTNATURE" Description="部门性质" DataType="string" DataValue="" DataText="部门性质" />
    <Attribute Name="PLANYEAR" LableResourceID="PLANYEAR" Description="计划年度" DataType="string" DataValue="" DataText="计划年度" />
    <Attribute Name="APPLYDATE" LableResourceID="APPLYDATE" Description="申请日期" DataType="datetime" DataValue="" DataText="申请日期" />
    <Attribute Name="APPLYMAN" LableResourceID="APPLYMAN" Description="申请人" DataType="string" DataValue="" DataText="申请人" />
    <Attribute Name="CHECKSTATES" LableResourceID="CHECKSTATES" Description="审核状态" DataType="string" DataValue="" DataText="审核状态 " />
    <Attribute Name="EDITSTATE" LableResourceID="EDITSTATE" Description="对象编辑状态" DataType="string" DataValue="" DataText="对象编辑状态" />
    <Attribute Name="OWNERCOMPANYID" LableResourceID="OWNERCOMPANYID" Description="记录所属公司ID" DataType="string" DataValue="" DataText="记录所属公司ID" />
    <Attribute Name="OWNERDEPARTMENTID" LableResourceID="OWNERDEPARTMENTID" Description="记录所属部门ID" DataType="string" DataValue="" DataText="记录所属部门ID" />
    <Attribute Name="OWNERPOSTID" LableResourceID="OWNERPOSTID" Description="记录所属岗位ID" DataType="string" DataValue="" DataText="记录所属岗位ID" />
    <Attribute Name="OWNERID" LableResourceID="OWNERID" Description="记录所属用户ID" DataType="string" DataValue="" DataText="记录所属用户ID" />
    <Attribute Name="CREATECOMPANYID" LableResourceID="CREATECOMPANYID" Description="创建公司ID" DataType="string" DataValue="" DataText="创建公司ID" />
    <Attribute Name="CREATEDEPARTMENTID" LableResourceID="CREATEDEPARTMENTID" Description="创建部门ID" DataType="string" DataValue="" DataText="创建部门ID" />
    <Attribute Name="CREATEPOSTID" LableResourceID="CREATEPOSTID" Description="创建岗位ID" DataType="string" DataValue="" DataText="创建岗位ID" />
    <Attribute Name="CREATEUSERID" LableResourceID="CREATEUSERID" Description="创建人ID" DataType="string" DataValue="" DataText="创建人ID" />
    <Attribute Name="CREATEUSERNAME" LableResourceID="CREATEUSERNAME" Description="创建人" DataType="string" DataValue="" DataText="创建人" />
    <Attribute Name="CREATEDATE" LableResourceID="CREATEDATE" Description="创建时间" DataType="datetime" DataValue="" DataText="创建时间" />
    <Attribute Name="UPDATEUSERID" LableResourceID="UPDATEUSERID" Description="修改人ID" DataType="string" DataValue="" DataText="修改人ID" />
    <Attribute Name="UPDATEDATE" LableResourceID="UPDATEDATE" Description="修改时间" DataType="datetime" DataValue="" DataText="修改时间" />
    <Attribute Name="REMARK" LableResourceID="REMARK" Description="备注" DataType="string" DataValue="" DataText="备注" />
    <ObjectList Name="T_WP_DEPARTMENTONPLANRESOLVE" LableResourceID="T_WP_DEPARTMENTONPLANRESOLVE" Description="" DataText="">
      <Object Name="T_WP_DEPARTMENTONPLANRESOLVE" Description="" Key="DEPTPLANID" id="">
        <Attribute Name="DEPTONORMID" LableResourceID="DEPTONORMID" Description="" DataType="string" DataValue="" DataText="" />
        <Attribute Name="DEPTPLANID" LableResourceID="DEPTPLANID" Description="指标分解总体计划主键" DataType="string" DataValue="" DataText="指标分解总体计划主键" />
        <Attribute Name="COMPANYID" LableResourceID="COMPANYID" Description="所属公司ID" DataType="string" DataValue="" DataText="所属公司ID" />
        <Attribute Name="DEPARTMENTID" LableResourceID="DEPARTMENTID" Description="所属部门ID" DataType="string" DataValue="" DataText="所属部门ID" />
        <Attribute Name="DEPARTMENTNATURE" LableResourceID="DEPARTMENTNATURE" Description="部门性质" DataType="string" DataValue="" DataText="部门性质" />
        <Attribute Name="PLANYEAR" LableResourceID="PLANYEAR" Description="计划年度" DataType="string" DataValue="" DataText="计划年度" />
        <Attribute Name="NORMITEMID" LableResourceID="NORMITEMID" Description="指标项编码" DataValue="" DataText="指标项编码" />
        <Attribute Name="NORMITEMNAME" LableResourceID="NORMITEMNAME" Description="指标项名称" DataType="string" DataValue="" DataText="指标项名称" />
        <Attribute Name="LYNORMVALUE" LableResourceID="LYNORMVALUE" Description="上年指标值" DataType="decimal" DataValue="" DataText="上年指标值" />
        <Attribute Name="CYNORMVALUE" LableResourceID="CYNORMVALUE" Description="本年指标值" DataType="decimal" DataValue="" DataText="本年指标值" />
        <Attribute Name="CYPLANVALUE" LableResourceID="CYPLANVALUE" Description="本年计划值" DataType="decimal" DataValue="" DataText="本年计划值" />
        <Attribute Name="EDITSTATE" LableResourceID="EDITSTATE" Description="对象编辑状态" DataType="string" DataValue="" DataText="对象编辑状态" />
        <Attribute Name="CREATEUSERID" LableResourceID="CREATEUSERID" Description="创建人ID" DataType="string" DataValue="" DataText="创建人ID" />
        <Attribute Name="CREATEUSERNAME" LableResourceID="CREATEUSERNAME" Description="创建人" DataType="string" DataValue="" DataText="创建人" />
        <Attribute Name="CREATEDATE" LableResourceID="CREATEDATE" Description="创建时间" DataType="datetime" DataValue="" DataText="创建时间" />
        <Attribute Name="UPDATEUSERID" LableResourceID="UPDATEUSERID" Description="修改人ID" DataType="string" DataValue="" DataText="修改人ID" />
        <Attribute Name="UPDATEDATE" LableResourceID="UPDATEDATE" Description="修改时间" DataType="datetime" DataValue="" DataText="修改时间" />
        <Attribute Name="REMARK" LableResourceID="REMARK" Description="备注" DataType="string" DataValue="" DataText="备注" />
      </Object>
    </ObjectList>
    <ObjectList Name="T_WP_DEPARTMENTONPLANCOST" LableResourceID="T_WP_DEPARTMENTONPLANCOST" Description="部门年度经营指标费用分解_可变费用表" DataText="">
      <Object Name="T_WP_DEPARTMENTONPLANCOST" Description="部门年度经营指标费用分解_可变费用表" Key="DEPTONRID" id="">
        <Attribute Name="DEPTONORMID" LableResourceID="DEPTONORMID" Description="部门经营指标计划分解主键ID" DataType="string" DataValue="" DataText="部门经营指标计划分解主键ID" />
        <Attribute Name="DEPTONRID" LableResourceID="DEPTONRID" Description="部门指标分解主键ID，GUID" DataType="string" DataValue="" DataText="部门指标分解主键ID，GUID" />
        <Attribute Name="COMPANYID" LableResourceID="COMPANYID" Description="所属公司ID" DataType="string" DataValue="" DataText="所属公司ID" />
        <Attribute Name="DEPARTMENTID" LableResourceID="DEPARTMENTID" Description="所属部门ID" DataType="string" DataValue="" DataText="所属部门ID" />
        <Attribute Name="COSTITEMID" LableResourceID="COSTITEMID" Description="费用项科目" DataType="string" DataValue="" DataText="费用项科目" />
        <Attribute Name="COSTITEMNAME" LableResourceID="COSTITEMNAME" Description="费用项名称" DataType="string" DataValue="" DataText="费用项名称" />
        <Attribute Name="LYCOST" LableResourceID="LYCOST" Description="上年费用" DataType="decimal" DataValue="" DataText="上年费用" />
        <Attribute Name="CYCOST" LableResourceID="CYCOST" Description="本年指标费用" DataType="decimal" DataValue="" DataText="本年指标费用" />
        <Attribute Name="CYPLANCOST" LableResourceID="CYPLANCOST" Description="本年计划费用" DataType="decimal" DataValue="" DataText="本年计划费用" />
        <Attribute Name="EDITSTATE" LableResourceID="EDITSTATE" Description="对象编辑状态" DataType="string" DataValue="" DataText="对象编辑状态" />
        <Attribute Name="CREATEUSERID" LableResourceID="CREATEUSERID" Description="创建人ID" DataType="string" DataValue="" DataText="创建人ID" />
        <Attribute Name="CREATEDATE" LableResourceID="CREATEDATE" Description="创建时间" DataType="datetime" DataValue="" DataText="创建时间" />
        <Attribute Name="UPDATEUSERID" LableResourceID="UPDATEUSERID" Description="修改人ID" DataType="string" DataValue="" DataText="修改人ID" />
        <Attribute Name="UPDATEDATE" LableResourceID="UPDATEDATE" Description="修改时间" DataType="datetime" DataValue="" DataText="修改时间" />
        <Attribute Name="REMARK" LableResourceID="REMARK" Description="备注" DataType="string" DataValue="" DataText="备注" />
      </Object>
    </ObjectList>
    <ObjectList Name="T_WP_DEPARTMENTFIXCOSTISSUED" LableResourceID="T_WP_DEPARTMENTFIXCOSTISSUED" Description="部门年度固定费用分解下达表" DataText="">
      <Object Name="T_WP_DEPARTMENTFIXCOSTISSUED" Description="部门年度固定费用分解下达表" Key="DFCOSTID" id="">
        <Attribute Name="DFCOSTID" LableResourceID="DFCOSTID" Description="部门固定费用主键" DataType="string" DataValue="" DataText="部门固定费用主键" />
        <Attribute Name="DEPTISSUEDID" LableResourceID="DEPTISSUEDID" Description="部门下达主键ID" DataType="string" DataValue="" DataText="部门下达主键ID" />
        <Attribute Name="COMPANYID" LableResourceID="COMPANYID" Description="所属公司ID" DataType="string" DataValue="" DataText="所属公司ID" />
        <Attribute Name="DEPARTMENTID" LableResourceID="DEPARTMENTID" Description="所属部门ID" DataType="string" DataValue="" DataText="所属部门ID" />
        <Attribute Name="PLANYEAR" LableResourceID="PLANYEAR" Description="计划年度" DataType="string" DataValue="" DataText="计划年度" />
        <Attribute Name="NORMID" LableResourceID="NORMID" Description="指标定义ID" DataType="string" DataValue="" DataText="指标定义ID" />
        <Attribute Name="NORMNAME" LableResourceID="NORMNAME" Description="指标名称" DataType="string" DataValue="" DataText="指标名称" />
        <Attribute Name="NORMSERIALNO" LableResourceID="NORMSERIALNO" Description="指标序号" DataType="string" DataValue="" DataText="指标序号" />
        <Attribute Name="LYFACTCOST" LableResourceID="LYFACTCOST" Description="上年实际费用" DataType="decimal" DataValue="" DataText="上年实际费用" />
        <Attribute Name="CYNORMCOST" LableResourceID="CYNORMCOST" Description="本年指标费用" DataType="decimal" DataValue="" DataText="本年指标费用" />
        <Attribute Name="ISSUEDSTATE" LableResourceID="ISSUEDSTATE" Description="是否已完成下达" DataType="string" DataValue="" DataText="是否已完成下达" />
        <Attribute Name="EDITSTATE" LableResourceID="EDITSTATE" Description="对象编辑状态" DataType="string" DataValue="" DataText="对象编辑状态" />
        <Attribute Name="CREATEUSERID" LableResourceID="CREATEUSERID" Description="创建人ID" DataType="string" DataValue="" DataText="创建人ID" />
        <Attribute Name="CREATEDATE" LableResourceID="CREATEDATE" Description="创建时间" DataType="datetime" DataValue="" DataText="创建时间" />
        <Attribute Name="UPDATEUSERID" LableResourceID="UPDATEUSERID" Description="修改人ID" DataType="string" DataValue="" DataText="修改人ID" />
        <Attribute Name="UPDATEDATE" LableResourceID="UPDATEDATE" Description="修改时间" DataType="datetime" DataValue="" DataText="修改时间" />
        <Attribute Name="REMARK" LableResourceID="REMARK" Description="备注" DataType="string" DataValue="" DataText="备注" />
      </Object>
    </ObjectList>
  </Object>
</System>