<?xml version="1.0" encoding="utf-8" ?>
<System>
  <Name>WP</Name>
  <System>
    <!--<Function Description="RESUMEFlow" Address="EngineService.svc"   FuncName="CallApplicationService"  Binding="customBinding" SplitChar="Г">
      <ParaStr>
        <Para TableName="T_HR_COMPANY" Name="COMPANYID" Description="公司ID" Value=""></Para>
      </ParaStr>
    </Function>-->
  </System>
  <MsgOpen>
    <AssemblyName>SMT.RM.UI</AssemblyName>
    <PublicClass>SMT.RM.UI.Class.Utility</PublicClass>
    <ProcessName>CreateFormFromEngine</ProcessName>
    <PageParameter>SMT.RM.UI.Form.Require.RequireApplicationForm</PageParameter>
    <ApplicationOrder>{RESUMEID}</ApplicationOrder>
    <FormTypes>Audit</FormTypes>
  </MsgOpen>
  <Object Name="T_WP_POSTEMPSUMMARYEXECDETAIL" Description="岗位员工周期计划执行从表" Key="PEEDETAILID" id="">
    <Attribute  Name="PEEDETAILID" LableResourceID="PEEDETAILID" Description="费用执行从表主键ID，GUID" DataType="VARCHAR2" DataValue="" DataText="" ></Attribute>
    <Attribute  Name="PEMPEID" LableResourceID="PEMPEID" Description="员工费用执行主键ID" DataType="VARCHAR2" DataValue="" DataText="" ></Attribute>
    <Attribute  Name="PEMPID" LableResourceID="PEMPID" Description="员工费用主键ID" DataType="VARCHAR2" DataValue="" DataText="" ></Attribute>
    <Attribute  Name="COSTITEMID" LableResourceID="COSTITEMID" Description="费用项科目ID
选择字典表PresetCostItemType（可变费用项目，即招待费、差旅费、礼品费、市内交通费、邮寄费等）" DataType="VARCHAR2" DataValue="" DataText="" ></Attribute>
    <Attribute  Name="COSTITEMNAME" LableResourceID="COSTITEMNAME" Description="费用项名称" DataType="NVARCHAR2" DataValue="" DataText="" ></Attribute>
    <Attribute  Name="CPPLANCOST" LableResourceID="CPPLANCOST" Description="本期计划费用" DataType="NUMBER" DataValue="" DataText="" ></Attribute>
    <Attribute  Name="CPFACTCOST" LableResourceID="CPFACTCOST" Description="本期实际费用" DataType="NUMBER" DataValue="" DataText="" ></Attribute>
    <Attribute  Name="EDITSTATE" LableResourceID="EDITSTATE" Description="对象编辑状态 EditStates
0 删除状态 Deleted
1 已生效 Actived
2 未生效 UnActived
3 撤消中 PendingCancelled
4 已撤消 Cancelled" DataType="VARCHAR2" DataValue="" DataText="" ></Attribute>
    <Attribute  Name="CREATEUSERID" LableResourceID="CREATEUSERID" Description="创建人ID" DataType="VARCHAR2" DataValue="" DataText="" ></Attribute>
    <Attribute  Name="CREATEDATE" LableResourceID="CREATEDATE" Description="创建时间" DataType="DATE" DataValue="" DataText="" ></Attribute>
    <Attribute  Name="UPDATEUSERID" LableResourceID="UPDATEUSERID" Description="修改人ID" DataType="VARCHAR2" DataValue="" DataText="" ></Attribute>
    <Attribute  Name="UPDATEDATE" LableResourceID="UPDATEDATE" Description="修改时间" DataType="DATE" DataValue="" DataText="" ></Attribute>
    <Attribute  Name="REMARK" LableResourceID="REMARK" Description="备注" DataType="NVARCHAR2" DataValue="" DataText="" ></Attribute>
</Object>

</System>