<?xml version="1.0" encoding="utf-8" ?>
<System>
  <Name>WP</Name>
  <System>
    <!--<Function Description="RESUMEFlow" Address="EngineService.svc"   FuncName="CallApplicationService"  Binding="customBinding" SplitChar="Г">
      <ParaStr>
        <Para TableName="T_HR_COMPANY" Name="COMPANYID" Description="公司ID" Value=""></Para>
      </ParaStr>
    </Function>-->
  </System>
  <MsgOpen>
    <AssemblyName>SMT.RM.UI</AssemblyName>
    <PublicClass>SMT.RM.UI.Class.Utility</PublicClass>
    <ProcessName>CreateFormFromEngine</ProcessName>
    <PageParameter>SMT.RM.UI.Form.Require.RequireApplicationForm</PageParameter>
    <ApplicationOrder>{RESUMEID}</ApplicationOrder>
    <FormTypes>Audit</FormTypes>
  </MsgOpen>
  <Object Name="T_WP_DEPARTMENTNORMRESOLVE" Description="部门年度经营总体指标分解表计划申请表" Key="DEPTONORMID" id="">
    <Attribute  Name="DEPTONORMID" LableResourceID="DEPTONORMID" Description="部门经营指标计划分解主键ID，GUID" DataType="VARCHAR2" DataValue="" DataText="" ></Attribute>
    <Attribute  Name="COMPANYID" LableResourceID="COMPANYID" Description="所属公司ID" DataType="VARCHAR2" DataValue="" DataText="" ></Attribute>
    <Attribute  Name="DEPARTMENTID" LableResourceID="DEPARTMENTID" Description="所属部门ID" DataType="VARCHAR2" DataValue="" DataText="" ></Attribute>
    <Attribute  Name="DEPARTMENTNATURE" LableResourceID="DEPARTMENTNATURE" Description="部门性质(1业务部门0非业务部门)" DataType="CHAR" DataValue="" DataText="" ></Attribute>
    <Attribute  Name="PLANYEAR" LableResourceID="PLANYEAR" Description="计划年度数据来自《工作计划下达表》保存数据，界面不处理" DataType="VARCHAR2" DataValue="" DataText="" ></Attribute>
    <Attribute  Name="APPLYDATE" LableResourceID="APPLYDATE" Description="申请日期" DataType="DATE" DataValue="" DataText="" ></Attribute>
    <Attribute  Name="APPLYMAN" LableResourceID="APPLYMAN" Description="申请人" DataType="NVARCHAR2" DataValue="" DataText="" ></Attribute>
    <Attribute  Name="CHECKSTATE" LableResourceID="CHECKSTATE" Description="审核状态" DataType="VARCHAR2" DataValue="" DataText="" ></Attribute>
    <Attribute  Name="EDITSTATE" LableResourceID="EDITSTATE" Description="对象编辑状态" DataType="VARCHAR2" DataValue="" DataText="" ></Attribute>
    <Attribute  Name="OWNERCOMPANYID" LableResourceID="OWNERCOMPANYID" Description="记录所属公司ID" DataType="VARCHAR2" DataValue="" DataText="" ></Attribute>
    <Attribute  Name="OWNERDEPARTMENTID" LableResourceID="OWNERDEPARTMENTID" Description="记录所属部门ID" DataType="VARCHAR2" DataValue="" DataText="" ></Attribute>
    <Attribute  Name="OWNERPOSTID" LableResourceID="OWNERPOSTID" Description="记录所属岗位ID" DataType="VARCHAR2" DataValue="" DataText="" ></Attribute>
    <Attribute  Name="OWNERID" LableResourceID="OWNERID" Description="记录所属用户ID" DataType="VARCHAR2" DataValue="" DataText="" ></Attribute>
    <Attribute  Name="CREATECOMPANYID" LableResourceID="CREATECOMPANYID" Description="创建公司ID" DataType="VARCHAR2" DataValue="" DataText="" ></Attribute>
    <Attribute  Name="CREATEDEPARTMENTID" LableResourceID="CREATEDEPARTMENTID" Description="创建部门ID" DataType="VARCHAR2" DataValue="" DataText="" ></Attribute>
    <Attribute  Name="CREATEPOSTID" LableResourceID="CREATEPOSTID" Description="创建岗位ID" DataType="VARCHAR2" DataValue="" DataText="" ></Attribute>
    <Attribute  Name="CREATEUSERID" LableResourceID="CREATEUSERID" Description="创建人ID" DataType="VARCHAR2" DataValue="" DataText="" ></Attribute>
    <Attribute  Name="CREATEUSERNAME" LableResourceID="CREATEUSERNAME" Description="创建人" DataType="NVARCHAR2" DataValue="" DataText="" ></Attribute>
    <Attribute  Name="CREATEDATE" LableResourceID="CREATEDATE" Description="创建时间" DataType="DATE" DataValue="" DataText="" ></Attribute>
    <Attribute  Name="UPDATEUSERID" LableResourceID="UPDATEUSERID" Description="修改人ID" DataType="VARCHAR2" DataValue="" DataText="" ></Attribute>
    <Attribute  Name="UPDATEDATE" LableResourceID="UPDATEDATE" Description="修改时间" DataType="DATE" DataValue="" DataText="" ></Attribute>
    <Attribute  Name="REMARK" LableResourceID="REMARK" Description="备注" DataType="NVARCHAR2" DataValue="" DataText="" ></Attribute>
</Object>
</System>