﻿<?xml version="1.0" encoding="utf-8" standalone="yes"?>
<System>
  <Name>WP</Name>
  <Version>1.0</Version>
  <System>
    <Function Description="" Address="" FuncName="" Binding="" SplitChar="Г">
      <ParaStr>
        <Para TableName="" Name="" Description="" Value="" />
      </ParaStr>
    </Function>
  </System>
  <MsgOpen>
    <AssemblyName>SMT.WP.UI</AssemblyName>
    <PublicClass>SMT.WP.UI.Class.Utility</PublicClass>
    <ProcessName>CreateFormFromEngine</ProcessName>
    <PageParameter>WP/PlanIssuedAdjustExec/Create</PageParameter>
    <ApplicationOrder>{AEXECID}</ApplicationOrder>
    <FormTypes>Create</FormTypes>
  </MsgOpen>
  <Object Name="T_WP_PLANISSUEDADJUSTEXEC" Description="年度计划机构调整下达执行表" Key="AEXECID" id="">
    <Attribute Name="AEXECID" LableResourceID="AEXECID" Description="执行主键" DataType="string" DataValue="" DataText="执行主键" />
    <Attribute Name="ISSUEDID" LableResourceID="ISSUEDID" Description="计划下达主键ID" DataType="string" DataValue="" DataText="计划下达主键ID" />
    <Attribute Name="COMPANYID" LableResourceID="COMPANYID" Description="公司ID" DataType="string" DataValue="" DataText="公司ID" />
    <Attribute Name="COMPANYNAME" LableResourceID="COMPANYNAME" Description="公司名称" DataType="string" DataValue="" DataText="公司名称" />
    <Attribute Name="EXECSTATE" LableResourceID="EXECSTATE" Description="执行状态" DataType="string" DataValue="" DataText="执行状态" />
    <Attribute Name="ERRORCAUSE" LableResourceID="ERRORCAUSE" Description="错误原因" DataType="string" DataValue="" DataText="错误原因" />
    <Attribute Name="EXECDATE" LableResourceID="EXECDATE" Description="执行时间" DataType="datetime" DataValue="" DataText="执行时间" />
    <Attribute Name="NEXTDATE" LableResourceID="NEXTDATE" Description="下次执行时间" DataType="datetime" DataValue="" DataText="下次执行时间" />
    <Attribute Name="RECEIVEID" LableResourceID="RECEIVEID" Description="信息接收人ID" DataType="string" DataValue="" DataText="信息接收人ID" />
    <Attribute Name="RECEIVEMAN" LableResourceID="RECEIVEMAN" Description="信息接收人" DataType="string" DataValue="" DataText="信息接收人" />
    <Attribute Name="READSTATE" LableResourceID="READSTATE" Description="信息读取状态" DataType="string" DataValue="" DataText="信息读取状态" />
    <Attribute Name="READDATE" LableResourceID="READDATE" Description="信息读取时间" DataType="datetime" DataValue="" DataText="信息读取时间" />
    <Attribute Name="CREATEDATE" LableResourceID="CREATEDATE" Description="创建时间" DataType="datetime" DataValue="" DataText="创建时间" />
  </Object>
</System>