﻿<?xml version="1.0" encoding="utf-8" standalone="yes"?>
<System>
  <Name>WP</Name>
  <Version>1.0</Version>
  <System>
    <Function Description="" Address="" FuncName="" Binding="" SplitChar="Г">
      <ParaStr>
        <Para TableName="" Name="" Description="" Value="" />
      </ParaStr>
    </Function>
  </System>
  <MsgOpen>
    <AssemblyName>SMT.WP.UI</AssemblyName>
    <PublicClass>SMT.WP.UI.Class.Utility</PublicClass>
    <ProcessName>CreateFormFromEngine</ProcessName>
    <PageParameter>WP/AdjustPlanNorm/Details</PageParameter>
    <ApplicationOrder>{ADJUSTID}</ApplicationOrder>
    <FormTypes>Audit</FormTypes>
  </MsgOpen>
  <Object Name="T_WP_ADJUSTPLAN" Description="T_WP_AdjustPlan 公司计划调整申请表&#xA;&#xA;原型-&gt;计划调整-&gt;公司年度计划调整列表&#xA;" Key="ADJUSTID" id="">
    <Attribute Name="ADJUSTID" LableResourceID="ADJUSTID" Description="计划调整主键ID,GUID" DataType="string" DataValue="" DataText="计划调整主键ID,GUID" />
    <Attribute Name="ADJUSTTITLE" LableResourceID="ADJUSTTITLE" Description="调整事由主题" DataType="string" DataValue="" DataText="调整事由主题" />
    <Attribute Name="COMPANYID" LableResourceID="COMPANYID" Description="使用公司ID" DataType="string" DataValue="" DataText="使用公司ID" />
    <Attribute Name="COMPANYNAME" LableResourceID="COMPANYNAME" Description="使用公司名称" DataType="string" DataValue="" DataText="使用公司名称" />
    <Attribute Name="PLANYEAR" LableResourceID="PLANYEAR" Description="计划年度" DataType="string" DataValue="" DataText="计划年度" />
    <Attribute Name="ADJUSTDATE" LableResourceID="ADJUSTDATE" Description="调整日期&#xA;审核通过日期" DataType="datetime" DataValue="" DataText="调整日期&#xA;审核通过日期" />
    <Attribute Name="CHECKSTATES" LableResourceID="CHECKSTATES" Description="审核状态 CheckStates&#xA;0 未提交 UnSubmit,&#xA;1 审核中 Approving,&#xA;2 审核通过 Approved,&#xA;3 审核未通过 UnApproved&#xA;4 待审核&#xA;5 所有" DataType="string" DataValue="" DataText="审核状态 CheckStates&#xA;0 未提交 UnSubmit,&#xA;1 审核中 Approving,&#xA;2 审核通过 Approved,&#xA;3 审核未通过 UnApproved&#xA;4 待审核&#xA;5 所有" />
    <Attribute Name="EDITSTATE" LableResourceID="EDITSTATE" Description="对象编辑状态 EditStates&#xA;0 删除状态 Deleted&#xA;1 已生效 Actived&#xA;2 未生效 UnActived&#xA;3 撤消中 PendingCancelled&#xA;4 已撤消 Cancelled&#xA;" DataType="string" DataValue="" DataText="对象编辑状态 EditStates&#xA;0 删除状态 Deleted&#xA;1 已生效 Actived&#xA;2 未生效 UnActived&#xA;3 撤消中 PendingCancelled&#xA;4 已撤消 Cancelled&#xA;" />
    <Attribute Name="OWNERCOMPANYID" LableResourceID="OWNERCOMPANYID" Description="所属公司ID" DataType="string" DataValue="" DataText="所属公司ID" />
    <Attribute Name="OWNERDEPARTMENTID" LableResourceID="OWNERDEPARTMENTID" Description="所属部门ID" DataType="string" DataValue="" DataText="所属部门ID" />
    <Attribute Name="OWNERPOSTID" LableResourceID="OWNERPOSTID" Description="所属岗位ID" DataType="string" DataValue="" DataText="所属岗位ID" />
    <Attribute Name="OWNERID" LableResourceID="OWNERID" Description="所属用户ID" DataType="string" DataValue="" DataText="所属用户ID" />
    <Attribute Name="OWNERCOMPANYNAME" LableResourceID="OWNERCOMPANYNAME" Description="所属公司名称" DataType="string" DataValue="" DataText="所属公司名称" />
    <Attribute Name="OWNERDEPARTMENTNAME" LableResourceID="OWNERDEPARTMENTNAME" Description="所属部门名称" DataType="string" DataValue="" DataText="所属部门名称" />
    <Attribute Name="OWNERPOSTNAME" LableResourceID="OWNERPOSTNAME" Description="所属岗位名称" DataType="string" DataValue="" DataText="所属岗位名称" />
    <Attribute Name="OWNERNAME" LableResourceID="OWNERNAME" Description="所属员工名称" DataType="string" DataValue="" DataText="所属员工名称" />
    <Attribute Name="CREATEUSERID" LableResourceID="CREATEUSERID" Description="创建人ID" DataType="string" DataValue="" DataText="创建人ID" />
    <Attribute Name="CREATEUSERNAME" LableResourceID="CREATEUSERNAME" Description="创建人名" DataType="string" DataValue="" DataText="创建人名" />
    <Attribute Name="CREATEDATE" LableResourceID="CREATEDATE" Description="创建时间" DataType="datetime" DataValue="" DataText="创建时间" />
    <Attribute Name="UPDATEUSERID" LableResourceID="UPDATEUSERID" Description="修改人ID" DataType="string" DataValue="" DataText="修改人ID" />
    <Attribute Name="UPDATEDATE" LableResourceID="UPDATEDATE" Description="修改时间" DataType="datetime" DataValue="" DataText="修改时间" />
    <Attribute Name="REMARK" LableResourceID="REMARK" Description="备注" DataType="string" DataValue="" DataText="备注" />
  </Object>
</System>