﻿<?xml version="1.0" encoding="utf-8" standalone="yes"?>
<System>
  <Name>WP</Name>
  <Version>1.0</Version>
  <System>
    <Function Description="" Address="" FuncName="" Binding="" SplitChar="Г">
      <ParaStr>
        <Para TableName="" Name="" Description="" Value="" />
      </ParaStr>
    </Function>
  </System>
  <MsgOpen>
    <AssemblyName>SMT.WP.UI</AssemblyName>
    <PublicClass>SMT.WP.UI.Class.Utility</PublicClass>
    <ProcessName>CreateFormFromEngine</ProcessName>
    <PageParameter>WP/DepartmentONIssued/Create</PageParameter>
    <ApplicationOrder>{DEPTONORMID}</ApplicationOrder>
    <FormTypes>Audit</FormTypes>
  </MsgOpen>
  <Object Name="T_WP_DEPARTMENTPLANISSUED" Description="部门年度计划下达表" Key="DEPTISSUEDID" id="">
    <Attribute Name="DEPTISSUEDID" LableResourceID="DEPTISSUEDID" Description="部门下达主键" DataType="string" DataValue="" DataText="部门下达主键ID" />
    <Attribute Name="ISSUEDID" LableResourceID="ISSUEDID" Description="计划下达主键I" DataType="string" DataValue="" DataText="计划下达主键" />
    <Attribute Name="COMPANYID" LableResourceID="COMPANYID" Description="所属公司ID" DataType="string" DataValue="" DataText="所属公司ID" />
    <Attribute Name="DEPARTMENTID" LableResourceID="DEPARTMENTID" Description="所属部门ID" DataType="string" DataValue="" DataText="所属部门ID" />
    <Attribute Name="COMPANYNAME" LableResourceID="COMPANYNAME" Description="使用公司名称" DataType="string" DataValue="" DataText="使用公司名称" />
    <Attribute Name="DEPARTMENTNAME" LableResourceID="DEPARTMENTNAME" Description="部门名称" DataType="string" DataValue="" DataText="部门名称" />
    <Attribute Name="FATHERID" LableResourceID="FATHERID" Description="上级机构" DataType="string" DataValue="" DataText="上级机构" />
    <Attribute Name="DEPARTMENTNATURE" LableResourceID="DEPARTMENTNATURE" Description="部门性质" DataType="string" DataValue="" DataText="部门性质" />
    <Attribute Name="PLANYEAR" LableResourceID="PLANYEAR" Description="计划年度" DataType="string" DataValue="" DataText="计划年度" />
    <Attribute Name="ISSUEDSTATE" LableResourceID="ISSUEDSTATE" Description="是否已完成下达" DataType="string" DataValue="" DataText="是否已完成下达" />
    <Attribute Name="EDITSTATE" LableResourceID="EDITSTATE" Description="对象编辑状态" DataType="string" DataValue="" DataText="对象编辑状态" />
    <Attribute Name="OWNERCOMPANYID" LableResourceID="OWNERCOMPANYID" Description="记录所属公司ID" DataType="string" DataValue="" DataText="记录所属公司ID" />
    <Attribute Name="OWNERDEPARTMENTID" LableResourceID="OWNERDEPARTMENTID" Description="记录所属部门ID" DataType="string" DataValue="" DataText="记录所属部门ID" />
    <Attribute Name="OWNERPOSTID" LableResourceID="OWNERPOSTID" Description="记录所属岗位ID" DataType="string" DataValue="" DataText="记录所属岗位ID" />
    <Attribute Name="OWNERID" LableResourceID="OWNERID" Description="记录所属用户ID" DataType="string" DataValue="" DataText="记录所属用户ID" />
    <Attribute Name="CREATEUSERID" LableResourceID="CREATEUSERID" Description="创建人ID" DataType="string" DataValue="" DataText="创建人ID" />
    <Attribute Name="CREATEUSERNAME" LableResourceID="CREATEUSERNAME" Description="创建人" DataType="string" DataValue="" DataText="创建人" />
    <Attribute Name="CREATEDATE" LableResourceID="CREATEDATE" Description="创建时间" DataType="datetime" DataValue="" DataText="创建时间" />
    <Attribute Name="UPDATEUSERID" LableResourceID="UPDATEUSERID" Description="修改人ID" DataType="string" DataValue="" DataText="修改人ID" />
    <Attribute Name="UPDATEDATE" LableResourceID="UPDATEDATE" Description="修改时间" DataType="datetime" DataValue="" DataText="修改时间" />
    <Attribute Name="REMARK" LableResourceID="REMARK" Description="备注" DataType="string" DataValue="" DataText="备注" />
  </Object>
</System>