﻿<?xml version="1.0" encoding="utf-8" standalone="yes"?>
<System>
  <Name>WP</Name>
  <Version>1.0</Version>
  <System>
    <Function Description="" Address="" FuncName="" Binding="" SplitChar="Г">
      <ParaStr>
        <Para TableName="" Name="" Description="" Value="" />
      </ParaStr>
    </Function>
  </System>
  <MsgOpen>
    <AssemblyName>SMT.WP.UI</AssemblyName>
    <PublicClass>SMT.WP.UI.Class.Utility</PublicClass>
    <ProcessName>CreateFormFromEngine</ProcessName>
    <PageParameter>WP/PostEmpPlan/Audit</PageParameter>
    <ApplicationOrder>{PEMPID}</ApplicationOrder>
    <FormTypes>Audit</FormTypes>
  </MsgOpen>
  <Object Name="T_WP_POSTEMPSUMMARY" Description="岗位员工周期费用计划总结表" Key="PEMPID" id="">
    <Attribute Name="PEMPID" LableResourceID="PEMPID" Description="员工费用主键" DataType="string" DataValue="" DataText="员工费用主键" />
    <Attribute Name="PERIODDID" LableResourceID="PERIODDID" Description="周期从表主键" DataType="string" DataValue="" DataText="周期从表主键" />
    <Attribute Name="PERIODTYPE" LableResourceID="PERIODTYPE" Description="周期类别" DataType="string" DataValue="" DataText="周期类别" />
    <Attribute Name="PERIODTYPENAME" LableResourceID="PERIODTYPENAME" Description="周期类别名称" DataType="string" DataValue="" DataText="周期类别名称" />
    <Attribute Name="PERIODCODE" LableResourceID="PERIODCODE" Description="周期编号" DataType="string" DataValue="" DataText="周期编号" />
    <Attribute Name="APPLYDATE" LableResourceID="APPLYDATE" Description="申请日期" DataType="datetime" DataValue="" DataText="申请日期" />
    <Attribute Name="STARTDATE" LableResourceID="STARTDATE" Description="周期开始时间" DataType="datetime" DataValue="" DataText="周期开始时间" />
    <Attribute Name="ENDDATE" LableResourceID="ENDDATE" Description="周期结束时间" DataType="datetime" DataValue="" DataText="周期结束时间" />
    <Attribute Name="CYBUSICOST" LableResourceID="CYBUSICOST" Description="本年指标费用" DataType="decimal" DataValue="" DataText="本年指标费用" />
    <Attribute Name="COSTYEAR" LableResourceID="COSTYEAR" Description="费用年度" DataType="string" DataValue="" DataText="费用年度" />
    <Attribute Name="CYBUSIFINISHCOST" LableResourceID="CYBUSIFINISHCOST" Description="本年完成费用" DataType="decimal" DataValue="" DataText="本年完成费用" />
    <Attribute Name="LPBUSIPLANCOST" LableResourceID="LPBUSIPLANCOST" Description="上期计划费用" DataType="decimal" DataValue="" DataText="上期计划费用" />
    <Attribute Name="LPBUSIFACTCOST" LableResourceID="LPBUSIFACTCOST" Description="上期实际费用" DataType="decimal" DataValue="" DataText="上期实际费用" />
    <Attribute Name="CPBUSIPLANCOST" LableResourceID="CPBUSIPLANCOST" Description="本期计划费用" DataType="decimal" DataValue="" DataText="本期计划费用" />
    <Attribute Name="CPSUMMARY" LableResourceID="CPSUMMARY" Description="本期心得总结" DataType="string" DataValue="" DataText="本期心得总结" />
    <Attribute Name="LEADERAPPRAISE" LableResourceID="LEADERAPPRAISE" Description="上级领导评价" DataType="string" DataValue="" DataText="上级领导评价" />
    <Attribute Name="LEADERAPPRAISENAME" LableResourceID="LEADERAPPRAISENAME" Description="上级领导评价名称" DataType="string" DataValue="" DataText="上级领导评价名称" />
    <Attribute Name="LEADEREMPID" LableResourceID="LEADEREMPID" Description="上级领导ID" DataType="string" DataValue="" DataText="上级领导ID" />
    <Attribute Name="LEADEREMPNAME" LableResourceID="LEADEREMPNAME" Description="上级领导名称" DataType="string" DataValue="" DataText="上级领导名称" />
    <Attribute Name="COMPANYNAME" LableResourceID="COMPANYNAME" Description="使用公司名称" DataType="string" DataValue="" DataText="使用公司名称" />
    <Attribute Name="DEPARTMENTNAME" LableResourceID="DEPARTMENTNAME" Description="部门名称" DataType="string" DataValue="" DataText="部门名称" />
    <Attribute Name="POSTNAME" LableResourceID="POSTNAME" Description="岗位名称" DataType="string" DataValue="" DataText="岗位名称" />
    <Attribute Name="EMPLOYEENAME" LableResourceID="EMPLOYEENAME" Description="员工名称" DataType="string" DataValue="" DataText="员工名称" />
    <Attribute Name="EDITSTATE" LableResourceID="EDITSTATE" Description="对象编辑状态" DataType="string" DataValue="" DataText="对象编辑状态" />
    <Attribute Name="CHECKSTATES" LableResourceID="CHECKSTATES" Description="审核状态" DataType="string" DataValue="" DataText="审核状态" />
    <Attribute Name="OWNERCOMPANYID" LableResourceID="OWNERCOMPANYID" Description="记录所属公司ID" DataType="string" DataValue="" DataText="记录所属公司ID" />
    <Attribute Name="OWNERDEPARTMENTID" LableResourceID="OWNERDEPARTMENTID" Description="记录所属部门ID" DataType="string" DataValue="" DataText="记录所属部门ID" />
    <Attribute Name="OWNERPOSTID" LableResourceID="OWNERPOSTID" Description="记录所属岗位ID" DataType="string" DataValue="" DataText="记录所属岗位ID" />
    <Attribute Name="OWNERID" LableResourceID="OWNERID" Description="记录所属用户ID" DataType="string" DataValue="" DataText="记录所属用户DI" />
    <Attribute Name="CREATECOMPANYID" LableResourceID="CREATECOMPANYID" Description="创建公司ID" DataType="string" DataValue="" DataText="创建公司ID" />
    <Attribute Name="CREATEDEPARTMENTID" LableResourceID="CREATEDEPARTMENTID" Description="创建部门ID" DataType="string" DataValue="" DataText="创建部门ID" />
    <Attribute Name="CREATEPOSTID" LableResourceID="CREATEPOSTID" Description="创建岗位ID" DataType="string" DataValue="" DataText="创建岗位ID" />
    <Attribute Name="CREATEUSERID" LableResourceID="CREATEUSERID" Description="创建人ID" DataType="string" DataValue="" DataText="创建人ID" />
    <Attribute Name="CREATEDATE" LableResourceID="CREATEDATE" Description="创建时间" DataType="datetime" DataValue="" DataText="创建时间" />
    <Attribute Name="UPDATEUSERID" LableResourceID="UPDATEUSERID" Description="修改人ID" DataType="string" DataValue="" DataText="修改人ID" />
    <Attribute Name="UPDATEDATE" LableResourceID="UPDATEDATE" Description="修改时间" DataType="datetime" DataValue="" DataText="修改时间" />
    <Attribute Name="REMARK" LableResourceID="REMARK" Description="备注" DataType="string" DataValue="" DataText="备注" />
    <Attribute Name="ISMAJORDATA" LableResourceID="ISMAJORDATA" Description="是否主数据" DataType="string" DataValue="" DataText="是否主数据" />
    <Attribute Name="AUXIPEMPID" LableResourceID="AUXIPEMPID" Description="附属的主数据ID" DataType="string" DataValue="" DataText="附属的主数据ID" />
    <Attribute Name="RECVERSION" LableResourceID="RECVERSION" Description="版本号" DataType="string" DataValue="" DataText="版本号&#xA;当前记录的版本号" />
    <Attribute Name="DEPTIDPARENTS" LableResourceID="DEPTIDPARENTS" Description="上级部门ID集合" DataType="string" DataValue="" DataText="上级部门ID集合" />
    <ObjectList Name="T_WP_POSTEMPSUMMARYEXEC" LableResourceID="T_WP_POSTEMPSUMMARYEXEC" Description="岗位员工周期计划执行表" DataText="">
      <Object Name="T_WP_POSTEMPSUMMARYEXEC" Description="岗位员工周期计划执行表" Key="PEMPEID" id="">
        <Attribute Name="PEMPEID" LableResourceID="PEMPEID" Description="费用计划执行主键" DataType="string" DataValue="" DataText="费用计划执行主键ID，GUID" />
        <Attribute Name="PEMPID" LableResourceID="PEMPID" Description="员工费用主键ID" DataType="string" DataValue="" DataText="员工费用主键ID" />
        <Attribute Name="PEMPPID" LableResourceID="PEMPPID" Description="员工费用计划主键ID" DataType="string" DataValue="" DataText="员工费用计划主键ID" />
        <Attribute Name="OWNERCOMPANYID" LableResourceID="OWNERCOMPANYID" Description="所属公司ID" DataType="string" DataValue="" DataText="所属公司ID" />
        <Attribute Name="OWNERDEPARTMENTID" LableResourceID="OWNERDEPARTMENTID" Description="所属部门ID" DataType="string" DataValue="" DataText="所属部门ID" />
        <Attribute Name="OWNERPOSTID" LableResourceID="OWNERPOSTID" Description="所属岗位ID" DataType="string" DataValue="" DataText="所属岗位ID" />
        <Attribute Name="OWNERID" LableResourceID="OWNERID" Description="所属用户ID" DataType="string" DataValue="" DataText="所属用户ID" />
        <Attribute Name="COMPANYNAME" LableResourceID="COMPANYNAME" Description="使用公司名称" DataType="string" DataValue="" DataText="使用公司名称" />
        <Attribute Name="DEPARTMENTNAME" LableResourceID="DEPARTMENTNAME" Description="部门名称" DataType="string" DataValue="" DataText="部门名称" />
        <Attribute Name="POSTNAME" LableResourceID="POSTNAME" Description="岗位名称" DataType="string" DataValue="" DataText="岗位名称" />
        <Attribute Name="EMPLOYEENAME" LableResourceID="EMPLOYEENAME" Description="员工名称" DataType="string" DataValue="" DataText="员工名称" />
        <Attribute Name="ITEMSNAME" LableResourceID="ITEMSNAME" Description="事项名称" DataType="string" DataValue="" DataText="事项名称" />
        <Attribute Name="FINISHTYPE" LableResourceID="FINISHTYPE" Description="完成计划类别" DataType="string" DataValue="" DataText="完成计划类别" />
        <Attribute Name="FINISHTYPENAME" LableResourceID="FINISHTYPENAME" Description="完成计划类别名称" DataType="string" DataValue="" DataText="完成计划类别名称" />
        <Attribute Name="FINISHCASE" LableResourceID="FINISHCASE" Description="完成情况" DataType="string" DataValue="" DataText="完成情况" />
        <Attribute Name="STARTDATE" LableResourceID="STARTDATE" Description="开始时间" DataType="datetime" DataValue="" DataText="开始时间" />
        <Attribute Name="ENDDATE" LableResourceID="ENDDATE" Description="结束时间" DataType="datetime" DataValue="" DataText="结束时间" />
        <Attribute Name="EDITSTATE" LableResourceID="EDITSTATE" Description="对象编辑状态" DataType="string" DataValue="" DataText="对象编辑状态" />
        <Attribute Name="CREATEUSERID" LableResourceID="CREATEUSERID" Description="创建人ID" DataType="string" DataValue="" DataText="创建人ID" />
        <Attribute Name="CREATEDATE" LableResourceID="CREATEDATE" Description="创建时间" DataType="datetime" DataValue="" DataText="创建时间" />
        <Attribute Name="UPDATEUSERID" LableResourceID="UPDATEUSERID" Description="修改人ID" DataType="string" DataValue="" DataText="修改人ID" />
        <Attribute Name="UPDATEDATE" LableResourceID="UPDATEDATE" Description="修改时间" DataType="datetime" DataValue="" DataText="修改时间" />
        <Attribute Name="REMARK" LableResourceID="REMARK" Description="备注" DataType="string" DataValue="" DataText="备注" />
        <Attribute Name="DEPTIDPARENTS" LableResourceID="DEPTIDPARENTS" Description="上级部门ID集合" DataType="string" DataValue="" DataText="上级部门ID集合" />
        <ObjectList Name="T_WP_POSTEMPSUMMARYEXECDETAIL" LableResourceID="T_WP_POSTEMPSUMMARYEXECDETAIL" Description="岗位员工周期计划执行从表" DataText="">
          <Object Name="T_WP_POSTEMPSUMMARYEXECDETAIL" Description="岗位员工周期计划执行从表" Key="PEEDETAILID" id="">
            <Attribute Name="PEEDETAILID" LableResourceID="PEEDETAILID" Description="费用执行从表主键ID，GUID" DataType="string" DataValue="" DataText="费用执行从表主键ID，GUID" />
            <Attribute Name="PEMPEID" LableResourceID="PEMPEID" Description="员工费用执行主键ID" DataType="string" DataValue="" DataText="员工费用执行主键ID" />
            <Attribute Name="PEMPID" LableResourceID="PEMPID" Description="员工费用主键ID" DataType="string" DataValue="" DataText="员工费用主键ID" />
            <Attribute Name="COSTITEMID" LableResourceID="COSTITEMID" Description="费用项科目ID" DataType="string" DataValue="" DataText="费用项科目ID" />
            <Attribute Name="COSTITEMNAME" LableResourceID="COSTITEMNAME" Description="费用项名称" DataType="string" DataValue="" DataText="费用项名称" />
            <Attribute Name="CPPLANCOST" LableResourceID="CPPLANCOST" Description="本期计划费用" DataType="decimal" DataValue="" DataText="本期计划费用" />
            <Attribute Name="CPFACTCOST" LableResourceID="CPFACTCOST" Description="本期实际费用" DataType="decimal" DataValue="" DataText="本期实际费用" />
            <Attribute Name="EDITSTATE" LableResourceID="EDITSTATE" Description="对象编辑状态" DataType="string" DataValue="" DataText="对象编辑状态" />
            <Attribute Name="CREATEUSERID" LableResourceID="CREATEUSERID" Description="创建人ID" DataType="string" DataValue="" DataText="创建人ID" />
            <Attribute Name="CREATEDATE" LableResourceID="CREATEDATE" Description="创建时间" DataType="datetime" DataValue="" DataText="创建时间" />
            <Attribute Name="UPDATEUSERID" LableResourceID="UPDATEUSERID" Description="修改人ID" DataType="string" DataValue="" DataText="修改人ID" />
            <Attribute Name="UPDATEDATE" LableResourceID="UPDATEDATE" Description="修改时间" DataType="datetime" DataValue="" DataText="修改时间" />
            <Attribute Name="REMARK" LableResourceID="REMARK" Description="备注" DataType="string" DataValue="" DataText="备注" />
          </Object>
        </ObjectList>
      </Object>
    </ObjectList>
    <ObjectList Name="T_WP_POSTEMPSUMMARYPLAN" LableResourceID="T_WP_POSTEMPSUMMARYPLAN" Description="T_WP_PostEmpSummaryPlan 岗位员工周期总结下期计划表" DataText="">
      <Object Name="T_WP_POSTEMPSUMMARYPLAN" Description="岗位员工周期总结下期计划表" Key="PEMPPID" id="">
        <Attribute Name="PEMPPID" LableResourceID="PEMPPID" Description="员工费用计划主键ID，GUID" DataType="string" DataValue="" DataText="员工费用计划主键ID，GUID" />
        <Attribute Name="PEMPID" LableResourceID="PEMPID" Description="员工费用主键ID" DataType="string" DataValue="" DataText="员工费用主键ID" />
        <Attribute Name="COSTYEAR" LableResourceID="COSTYEAR" Description="费用年度" DataType="string" DataValue="" DataText="费用年度" />
        <Attribute Name="PERIODTYPE" LableResourceID="PERIODTYPE" Description="周期类别" DataType="string" DataValue="" DataText="周期类别" />
        <Attribute Name="PERIODTYPENAME" LableResourceID="PERIODTYPENAME" Description="周期类别名称" DataType="string" DataValue="" DataText="周期类别名称" />
        <Attribute Name="PERIODCODE" LableResourceID="PERIODCODE" Description="下周期编号" DataType="string" DataValue="" DataText="下周期编号" />
        <Attribute Name="PSTARTDATE" LableResourceID="PSTARTDATE" Description="下周期开始时间" DataType="datetime" DataValue="" DataText="下周期开始时间" />
        <Attribute Name="PENDDATE" LableResourceID="PENDDATE" Description="下周期结束时间" DataType="datetime" DataValue="" DataText="下周期结束时间" />
        <Attribute Name="ITEMSNAME" LableResourceID="ITEMSNAME" Description="事项名称" DataType="string" DataValue="" DataText="事项名称" />
        <Attribute Name="ISEVECTION" LableResourceID="ISEVECTION" Description="是否出差" DataType="string" DataValue="" DataText="是否出差" />
        <Attribute Name="STARTDATE" LableResourceID="STARTDATE" Description="开始时间" DataType="datetime" DataValue="" DataText="开始时间" />
        <Attribute Name="ENDDATE" LableResourceID="ENDDATE" Description="结束时间" DataType="datetime" DataValue="" DataText="结束时间" />
        <Attribute Name="EDITSTATE" LableResourceID="EDITSTATE" Description="对象编辑状态" DataType="string" DataValue="" DataText="对象编辑状态" />
        <Attribute Name="CREATEUSERID" LableResourceID="CREATEUSERID" Description="创建人ID" DataType="string" DataValue="" DataText="创建人ID" />
        <Attribute Name="CREATEDATE" LableResourceID="CREATEDATE" Description="创建时间" DataType="datetime" DataValue="" DataText="创建时间" />
        <Attribute Name="UPDATEUSERID" LableResourceID="UPDATEUSERID" Description="修改人ID" DataType="string" DataValue="" DataText="修改人ID" />
        <Attribute Name="UPDATEDATE" LableResourceID="UPDATEDATE" Description="修改时间" DataType="datetime" DataValue="" DataText="修改时间" />
        <Attribute Name="REMARK" LableResourceID="REMARK" Description="备注" DataType="string" DataValue="" DataText="备注" />
        <ObjectList Name="T_WP_POSTEMPSUMMARYPLANDETAIL" LableResourceID="T_WP_POSTEMPSUMMARYPLANDETAIL" Description="岗位员工周期总结下期计划从表" DataText="">
          <Object Name="T_WP_POSTEMPSUMMARYPLANDETAIL" Description="岗位员工周期总结下期计划从表" Key="PEPDETAILID" id="">
            <Attribute Name="PEPDETAILID" LableResourceID="PEPDETAILID" Description="费用计划从表主键ID，GUID" DataType="string" DataValue="" DataText="费用计划从表主键ID，GUID" />
            <Attribute Name="PEMPPID" LableResourceID="PEMPPID" Description="员工费用计划主键ID" DataType="string" DataValue="" DataText="员工费用计划主键ID" />
            <Attribute Name="PEMPID" LableResourceID="PEMPID" Description="员工费用主键ID" DataType="string" DataValue="" DataText="员工费用主键ID" />
            <Attribute Name="COSTITEMID" LableResourceID="COSTITEMID" Description="费用项科目ID" DataType="string" DataValue="" DataText="费用项科目ID" />
            <Attribute Name="COSTITEMNAME" LableResourceID="COSTITEMNAME" Description="费用项名称" DataType="string" DataValue="" DataText="费用项名称" />
            <Attribute Name="CPPLANCOST" LableResourceID="CPPLANCOST" Description="本期计划费用" DataType="decimal" DataValue="" DataText="本期计划费用" />
            <Attribute Name="YEARSURPLUSCOST" LableResourceID="YEARSURPLUSCOST" Description="本年剩余费用" DataType="decimal" DataValue="" DataText="本年剩余费用" />
            <Attribute Name="EDITSTATE" LableResourceID="EDITSTATE" Description="对象编辑状态" DataType="string" DataValue="" DataText="对象编辑状态" />
            <Attribute Name="CREATEUSERID" LableResourceID="CREATEUSERID" Description="创建人ID" DataType="string" DataValue="" DataText="创建人ID" />
            <Attribute Name="CREATEDATE" LableResourceID="CREATEDATE" Description="创建时间" DataType="datetime" DataValue="" DataText="创建时间" />
            <Attribute Name="UPDATEUSERID" LableResourceID="UPDATEUSERID" Description="修改人ID" DataType="string" DataValue="" DataText="修改人ID" />
            <Attribute Name="UPDATEDATE" LableResourceID="UPDATEDATE" Description="修改时间" DataType="datetime" DataValue="" DataText="修改时间" />
            <Attribute Name="REMARK" LableResourceID="REMARK" Description="备注" DataType="string" DataValue="" DataText="备注" />
          </Object>
        </ObjectList>
      </Object>
    </ObjectList>
  </Object>
</System>